Catálogo de productos,,,,,,,,,,,,,,,,,,,,,,,,,,,,,,,,,,,,,,
,,,,,,,,,,,,,,,,,,,,,,,,,,,,,,,,,,,,,,
idGrupo,DscGrupo,idProducto,idProductoAlterno,IdProductoProveedor,IdProductosClasificacion,Dsc,DscClasificacion,DscClasificacionA,SustanciaActiva,Ubicacion,Caracteristicas,ClkUMedida,ClkUMedidacontenido,PrecioCompra,PrecioLista,DescuentoContado,DescuentoCredito,DescuentoEspecialContado,DescuentoEspecialCredito,PrecioVenta,PrecioVenta2,PrecioVenta3,Notas,DescuentoMayoreo,CantidadMayoreo,Orden,IdRestaurante,IdProductoAlterno1,IndR,Status,Moneda,NombreImpresora_PV1,NombreImpresora_PV2,NombreImpresora_PV3,c_ClaveProdServ,c_ClaveUnidad,TasaIVA,ObjetoImpuesto
1,1.-EMPAQUE Y PAN BLANCO,1,1,1,1,BOLSA BIODEGRADABLE,1.-PAN,1.-PAN,,,,1,1,0,2,0,0,0,0,2,2,2,0,0,0,1,1,1,0,Activo,MXN.-MONEDA NACIONAL,,,,24111502,H87,16,2
1,1.-EMPAQUE Y PAN BLANCO,2,2,2,1,BOLSA DE PAPEL,1.-PAN,1.-PAN,,,,1,1,0,2,0,0,0,0,2,2,2,0,0,0,2,1,2,0,Activo,MXN.-MONEDA NACIONAL,,,,24111502,H87,16,2
1,1.-EMPAQUE Y PAN BLANCO,3,3,3,1,TELERA ARTESANAL MEDIANA,1.-PAN,1.-PAN,,,,1,1,0,3,0,0,0,0,3,3,3,0,0,0,3,1,3,0,Activo,MXN.-MONEDA NACIONAL,,,,50181900,H87,16,2
1,1.-EMPAQUE Y PAN BLANCO,4,4,4,1,TELERA SUAVE MEDIANA,1.-PAN,1.-PAN,,,,1,1,0,3,0,0,0,0,3,3,3,0,0,0,4,1,4,0,Activo,MXN.-MONEDA NACIONAL,,,,50181900,H87,16,2
1,1.-EMPAQUE Y PAN BLANCO,5,5,5,1,BOLILLO ARTESANAL MEDIANO,1.-PAN,1.-PAN,,,,1,1,0,3,0,0,0,0,3,3,3,0,0,0,5,1,5,0,Activo,MXN.-MONEDA NACIONAL,,,,50181900,H87,16,2
1,1.-EMPAQUE Y PAN BLANCO,6,6,6,1,BOLILLO RUSTICO MEDIANO,1.-PAN,1.-PAN,,,,1,1,0,3,0,0,0,0,3,3,3,0,0,0,6,1,6,0,Activo,MXN.-MONEDA NACIONAL,,,,50181900,H87,16,2
1,1.-EMPAQUE Y PAN BLANCO,7,7,7,1,BOLILLITO DE ARANDANO,1.-PAN,1.-PAN,,,,1,1,0,6,0,0,0,0,6,6,6,0,0,0,7,1,7,0,Activo,MXN.-MONEDA NACIONAL,,,,50181900,H87,16,2
1,1.-EMPAQUE Y PAN BLANCO,8,8,8,1,BOLILLITO DE NUEZ,1.-PAN,1.-PAN,,,,1,1,0,6,0,0,0,0,6,6,6,0,0,0,8,1,8,0,Activo,MXN.-MONEDA NACIONAL,,,,50181900,H87,16,2
1,1.-EMPAQUE Y PAN BLANCO,9,9,9,1,BAGUETTE MEDIANO,1.-PAN,1.-PAN,,,,1,1,0,12,0,0,0,0,12,12,12,0,0,0,9,1,9,0,Activo,MXN.-MONEDA NACIONAL,,,,50181900,H87,16,2
1,1.-EMPAQUE Y PAN BLANCO,10,10,10,1,BAGUETTE GRANDE,1.-PAN,1.-PAN,,,,1,1,0,22,0,0,0,0,22,22,22,0,0,0,10,1,10,0,Activo,MXN.-MONEDA NACIONAL,,,,50181900,H87,16,2
1,1.-EMPAQUE Y PAN BLANCO,11,11,11,1,COSTO EXTRA 1,1.-PAN,1.-PAN,,,,1,1,0,1,0,0,0,0,1,1,1,0,0,0,11,1,11,0,Activo,MXN.-MONEDA NACIONAL,,,,50181900,H87,16,2
1,1.-EMPAQUE Y PAN BLANCO,12,12,12,1,COSTO EXTRA 2,1.-PAN,1.-PAN,,,,1,1,0,2,0,0,0,0,2,2,2,0,0,0,12,1,12,0,Activo,MXN.-MONEDA NACIONAL,,,,50181900,H87,16,2
1,1.-EMPAQUE Y PAN BLANCO,13,13,13,1,COSTO EXTRA 4,1.-PAN,1.-PAN,,,,1,1,0,4,0,0,0,0,4,4,4,0,0,0,13,1,13,0,Activo,MXN.-MONEDA NACIONAL,,,,50181900,H87,16,2
1,1.-EMPAQUE Y PAN BLANCO,14,14,14,1,COSTO EXTRA 6,1.-PAN,1.-PAN,,,,1,1,0,6,0,0,0,0,6,6,6,0,0,0,14,1,14,0,Activo,MXN.-MONEDA NACIONAL,,,,50181900,H87,16,2
1,1.-EMPAQUE Y PAN BLANCO,15,15,15,1,BOLSA DE PLASTICO DE 60 X 90,1.-PAN,1.-PAN,,,,1,1,0,6,0,0,0,0,6,6,6,0,0,0,15,1,15,0,Activo,MXN.-MONEDA NACIONAL,,,,24111502,H87,16,2
1,1.-EMPAQUE Y PAN BLANCO,16,16,16,1,CHAROLA CHICA DE CARTON,1.-PAN,1.-PAN,,,,1,1,0,20,0,0,0,0,20,20,20,0,0,0,16,1,16,0,Activo,MXN.-MONEDA NACIONAL,,,,50181900,H87,16,2
1,1.-EMPAQUE Y PAN BLANCO,17,17,17,1,CHAROLA MEDIANA DE CARTON,1.-PAN,1.-PAN,,,,1,1,0,30,0,0,0,0,30,30,30,0,0,0,17,1,17,0,Activo,MXN.-MONEDA NACIONAL,,,,50181900,H87,16,2
1,1.-EMPAQUE Y PAN BLANCO,18,18,18,1,CHAROLA GRANDE DE CARTON,1.-PAN,1.-PAN,,,,1,1,0,35,0,0,0,0,35,35,35,0,0,0,18,1,18,0,Activo,MXN.-MONEDA NACIONAL,,,,50181900,H87,16,2
1,1.-EMPAQUE Y PAN BLANCO,359,359,359,1,NESCAFE CAPUCHINO,1.-PAN,1.-PAN,,,,1,1,0,15,0,0,0,0,15,15,15,0,0,0,344,1,359,0,Activo,MXN.-MONEDA NACIONAL,,,,24111502,H87,16,2
2,2.-A - B,29,29,29,1,ABANICO,1.-PAN,1.-PAN,,,,1,1,0,8,0,0,0,0,8,8,8,0,0,0,29,1,29,0,Activo,MXN.-MONEDA NACIONAL,,,,50181900,H87,16,2
2,2.-A - B,30,30,30,1,ALMEJA,1.-PAN,1.-PAN,,,,1,1,0,8,0,0,0,0,8,8,8,0,0,0,30,1,30,0,Activo,MXN.-MONEDA NACIONAL,,,,50181900,H87,16,2
2,2.-A - B,44,44,44,1,ANCESTRAL MEDIANO,1.-PAN,1.-PAN,,,,1,1,0,9,0,0,0,0,9,9,9,0,0,0,30,1,44,0,Activo,MXN.-MONEDA NACIONAL,,,,50181900,H87,16,2
2,2.-A - B,45,45,45,1,ANCESTRAL GRANDE,1.-PAN,1.-PAN,,,,1,1,0,15,0,0,0,0,15,15,15,0,0,0,30,1,45,0,Activo,MXN.-MONEDA NACIONAL,,,,50181900,H87,16,2
2,2.-A - B,31,31,31,1,BANDERILLA,1.-PAN,1.-PAN,,,,1,1,0,8,0,0,0,0,8,8,8,0,0,0,31,1,31,0,Activo,MXN.-MONEDA NACIONAL,,,,50181900,H87,16,2
2,2.-A - B,32,32,32,1,BARQUILLO DE CHANTILLY,1.-PAN,1.-PAN,,,,1,1,0,12,0,0,0,0,12,12,12,0,0,0,32,1,32,0,Activo,MXN.-MONEDA NACIONAL,,,,50181900,H87,16,2
2,2.-A - B,33,33,33,1,BARQUILLO DE CREMA PASTELERA,1.-PAN,1.-PAN,,,,1,1,0,12,0,0,0,0,12,12,12,0,0,0,33,1,33,0,Activo,MXN.-MONEDA NACIONAL,,,,50181900,H87,16,2
2,2.-A - B,34,34,34,1,BARRA DE MANTECA,1.-PAN,1.-PAN,,,,1,1,0,7,0,0,0,0,7,7,7,0,0,0,34,1,34,0,Activo,MXN.-MONEDA NACIONAL,,,,50181900,H87,16,2
2,2.-A - B,43,43,43,1,BARRITA DE PIÑA O FRESA,1.-PAN,1.-PAN,,,,1,1,0,7,0,0,0,0,7,7,7,0,0,0,34,1,43,0,Activo,MXN.-MONEDA NACIONAL,,,,50181900,H87,16,2
2,2.-A - B,35,35,35,1,BERLINES DE CHANTILLY,1.-PAN,1.-PAN,,,,1,1,0,12,0,0,0,0,12,12,12,0,0,0,35,1,35,0,Activo,MXN.-MONEDA NACIONAL,,,,50181900,H87,16,2
2,2.-A - B,36,36,36,1,BERLINES DE CREMA PASTELERA,1.-PAN,1.-PAN,,,,1,1,0,12,0,0,0,0,12,12,12,0,0,0,36,1,36,0,Activo,MXN.-MONEDA NACIONAL,,,,50181900,H87,16,2
2,2.-A - B,37,37,37,1,BESO CON RELLENO DE DURAZNO,1.-PAN,1.-PAN,,,,1,1,0,8,0,0,0,0,8,8,8,0,0,0,37,1,37,0,Activo,MXN.-MONEDA NACIONAL,,,,50181900,H87,16,2
2,2.-A - B,38,38,38,1,BIGOTE DE CHOCOLATE,1.-PAN,1.-PAN,,,,1,1,0,9,0,0,0,0,9,9,9,0,0,0,38,1,38,0,Activo,MXN.-MONEDA NACIONAL,,,,50181900,H87,16,2
2,2.-A - B,39,39,39,1,BIZQUET,1.-PAN,1.-PAN,,,,1,1,0,8,0,0,0,0,8,8,8,0,0,0,39,1,39,0,Activo,MXN.-MONEDA NACIONAL,,,,50181900,H87,16,2
2,2.-A - B,40,40,40,1,BOLLO DE QUESO PHILADELPHIA,1.-PAN,1.-PAN,,,,1,1,0,11,0,0,0,0,11,11,11,0,0,0,40,1,40,0,Activo,MXN.-MONEDA NACIONAL,,,,50181900,H87,16,2
2,2.-A - B,41,41,41,1,BROCA,1.-PAN,1.-PAN,,,,1,1,0,8,0,0,0,0,8,8,8,0,0,0,41,1,41,0,Activo,MXN.-MONEDA NACIONAL,,,,50181900,H87,16,2
2,2.-A - B,42,42,42,1,BUDIN DE HIGO CON COCO,1.-PAN,1.-PAN,,,,1,1,0,17,0,0,0,0,17,17,17,0,0,0,42,1,42,0,Activo,MXN.-MONEDA NACIONAL,,,,50181900,H87,16,2
3,3.-C - D,53,53,53,1,CACAHUATE,1.-PAN,1.-PAN,,,,1,1,0,8,0,0,0,0,8,8,8,0,0,0,53,1,53,0,Activo,MXN.-MONEDA NACIONAL,,,,50181900,H87,16,2
3,3.-C - D,54,54,54,1,CALVO DE COCO,1.-PAN,1.-PAN,,,,1,1,0,8,0,0,0,0,8,8,8,0,0,0,54,1,54,0,Activo,MXN.-MONEDA NACIONAL,,,,50181900,H87,16,2
3,3.-C - D,55,55,55,1,CALVO DE GRANILLO DE COLORES,1.-PAN,1.-PAN,,,,1,1,0,8,0,0,0,0,8,8,8,0,0,0,55,1,55,0,Activo,MXN.-MONEDA NACIONAL,,,,50181900,H87,16,2
3,3.-C - D,56,56,56,1,CAMPECHANA,1.-PAN,1.-PAN,,,,1,1,0,7,0,0,0,0,7,7,7,0,0,0,56,1,56,0,Activo,MXN.-MONEDA NACIONAL,,,,50181900,H87,16,2
3,3.-C - D,57,57,57,1,CANASTA DE FRUTAS,1.-PAN,1.-PAN,,,,1,1,0,17,0,0,0,0,17,17,17,0,0,0,57,1,57,0,Activo,MXN.-MONEDA NACIONAL,,,,50181900,H87,16,2
3,3.-C - D,58,58,58,1,CANASTA DE PIÑA,1.-PAN,1.-PAN,,,,1,1,0,9,0,0,0,0,9,9,9,0,0,0,58,1,58,0,Activo,MXN.-MONEDA NACIONAL,,,,50181900,H87,16,2
3,3.-C - D,59,59,59,1,CAZUELA DE MANTEQUILLA,1.-PAN,1.-PAN,,,,1,1,0,15,0,0,0,0,15,15,15,0,0,0,59,1,59,0,Activo,MXN.-MONEDA NACIONAL,,,,50181900,H87,16,2
3,3.-C - D,60,60,60,1,CHICHARRON,1.-PAN,1.-PAN,,,,1,1,0,8,0,0,0,0,8,8,8,0,0,0,60,1,60,0,Activo,MXN.-MONEDA NACIONAL,,,,50181900,H87,16,2
3,3.-C - D,61,61,61,1,CHINO,1.-PAN,1.-PAN,,,,1,1,0,12,0,0,0,0,12,12,12,0,0,0,61,1,61,0,Activo,MXN.-MONEDA NACIONAL,,,,50181900,H87,16,2
3,3.-C - D,62,62,62,1,CHIRIMOYA,1.-PAN,1.-PAN,,,,1,1,0,7,0,0,0,0,7,7,7,0,0,0,62,1,62,0,Activo,MXN.-MONEDA NACIONAL,,,,50181900,H87,16,2
3,3.-C - D,63,63,63,1,CHOCOFLAN,1.-PAN,1.-PAN,,,,1,1,0,25,0,0,0,0,25,25,25,0,0,0,63,1,63,0,Activo,MXN.-MONEDA NACIONAL,,,,50181900,H87,16,2
3,3.-C - D,64,64,64,1,CHURRO FRESCO,1.-PAN,1.-PAN,,,,1,1,0,6,0,0,0,0,6,6,6,0,0,0,64,1,64,0,Activo,MXN.-MONEDA NACIONAL,,,,50181900,H87,16,2
3,3.-C - D,65,65,65,1,CHURRO FRIO,1.-PAN,1.-PAN,,,,1,1,0,3,0,0,0,0,3,3,3,0,0,0,65,1,65,0,Activo,MXN.-MONEDA NACIONAL,,,,50181900,H87,16,2
3,3.-C - D,180,180,180,1,CHURRO OFERTA,1.-PAN,1.-PAN,,,,1,1,0,10,0,0,0,0,10,10,10,0,0,0,66,1,180,0,Activo,MXN.-MONEDA NACIONAL,,,,24111502,H87,16,2
3,3.-C - D,66,66,66,1,CONCHA AMARILLA,1.-PAN,1.-PAN,,,,1,1,0,7,0,0,0,0,7,7,7,0,0,0,66,1,66,0,Activo,MXN.-MONEDA NACIONAL,,,,50181900,H87,16,2
3,3.-C - D,67,67,67,1,CONCHA AMARILLA CON BOLITA,1.-PAN,1.-PAN,,,,1,1,0,7,0,0,0,0,7,7,7,0,0,0,67,1,67,0,Activo,MXN.-MONEDA NACIONAL,,,,50181900,H87,16,2
3,3.-C - D,68,68,68,1,CONCHA BLANCA,1.-PAN,1.-PAN,,,,1,1,0,7,0,0,0,0,7,7,7,0,0,0,68,1,68,0,Activo,MXN.-MONEDA NACIONAL,,,,50181900,H87,16,2
3,3.-C - D,69,69,69,1,CONCHA CAFE,1.-PAN,1.-PAN,,,,1,1,0,7,0,0,0,0,7,7,7,0,0,0,69,1,69,0,Activo,MXN.-MONEDA NACIONAL,,,,50181900,H87,16,2
3,3.-C - D,81,81,81,1,CONCHA DE CANELA,1.-PAN,1.-PAN,,,,1,1,0,9,0,0,0,0,9,9,9,0,0,0,69,1,81,0,Activo,MXN.-MONEDA NACIONAL,,,,50181900,H87,16,2
3,3.-C - D,82,82,82,1,CONCHA DE CANELA GRANDE,1.-PAN,1.-PAN,,,,1,1,0,35,0,0,0,0,35,35,35,0,0,0,69,1,82,0,Activo,MXN.-MONEDA NACIONAL,,,,50181900,H87,16,2
3,3.-C - D,70,70,70,1,CUADRO DE COCO,1.-PAN,1.-PAN,,,,1,1,0,9,0,0,0,0,9,9,9,0,0,0,70,1,70,0,Activo,MXN.-MONEDA NACIONAL,,,,50181900,H87,16,2
3,3.-C - D,71,71,71,1,CUBILETE,1.-PAN,1.-PAN,,,,1,1,0,12,0,0,0,0,12,12,12,0,0,0,71,1,71,0,Activo,MXN.-MONEDA NACIONAL,,,,50181900,H87,16,2
3,3.-C - D,72,72,72,1,CUERNO,1.-PAN,1.-PAN,,,,1,1,0,8,0,0,0,0,8,8,8,0,0,0,72,1,72,0,Activo,MXN.-MONEDA NACIONAL,,,,50181900,H87,16,2
3,3.-C - D,73,73,73,1,CUERNO DE HIGO,1.-PAN,1.-PAN,,,,1,1,0,13,0,0,0,0,13,13,13,0,0,0,73,1,73,0,Activo,MXN.-MONEDA NACIONAL,,,,50181900,H87,16,2
3,3.-C - D,74,74,74,1,DEDO CON RELLENO DE PIÑA Y AZUCAR GLASS,1.-PAN,1.-PAN,,,,1,1,0,9,0,0,0,0,9,9,9,0,0,0,74,1,74,0,Activo,MXN.-MONEDA NACIONAL,,,,50181900,H87,16,2
3,3.-C - D,75,75,75,1,DEDO CON RELLENO DE ZARZAMORA Y CHOCOLATE,1.-PAN,1.-PAN,,,,1,1,0,9,0,0,0,0,9,9,9,0,0,0,75,1,75,0,Activo,MXN.-MONEDA NACIONAL,,,,50181900,H87,16,2
3,3.-C - D,76,76,76,1,DELICIOSA,1.-PAN,1.-PAN,,,,1,1,0,8,0,0,0,0,8,8,8,0,0,0,76,1,76,0,Activo,MXN.-MONEDA NACIONAL,,,,50181900,H87,16,2
3,3.-C - D,77,77,77,1,DIAMANTE DE CHABACANO,1.-PAN,1.-PAN,,,,1,1,0,8,0,0,0,0,8,8,8,0,0,0,77,1,77,0,Activo,MXN.-MONEDA NACIONAL,,,,50181900,H87,16,2
3,3.-C - D,78,78,78,1,DONA DE AZUCAR,1.-PAN,1.-PAN,,,,1,1,0,9,0,0,0,0,9,9,9,0,0,0,78,1,78,0,Activo,MXN.-MONEDA NACIONAL,,,,50181900,H87,16,2
3,3.-C - D,79,79,79,1,DONA DE CHOCOLATE,1.-PAN,1.-PAN,,,,1,1,0,9,0,0,0,0,9,9,9,0,0,0,79,1,79,0,Activo,MXN.-MONEDA NACIONAL,,,,50181900,H87,16,2
3,3.-C - D,80,80,80,1,DONA DE MOKA,1.-PAN,1.-PAN,,,,1,1,0,13,0,0,0,0,13,13,13,0,0,0,80,1,80,0,Activo,MXN.-MONEDA NACIONAL,,,,50181900,H87,16,2
4,4.-E - K,91,91,91,1,ELOTE,1.-PAN,1.-PAN,,,,1,1,0,7,0,0,0,0,7,7,7,0,0,0,91,1,91,0,Activo,MXN.-MONEDA NACIONAL,,,,50181900,H87,16,2
4,4.-E - K,92,92,92,1,EMPANADA DE FRESA,1.-PAN,1.-PAN,,,,1,1,0,8,0,0,0,0,8,8,8,0,0,0,92,1,92,0,Activo,MXN.-MONEDA NACIONAL,,,,50181900,H87,16,2
4,4.-E - K,93,93,93,1,EMPANADA MADRILEÑA CON CREMA PASTELERA,1.-PAN,1.-PAN,,,,1,1,0,15,0,0,0,0,15,15,15,0,0,0,93,1,93,0,Activo,MXN.-MONEDA NACIONAL,,,,50181900,H87,16,2
4,4.-E - K,94,94,94,1,EMPANADA TABASQUEÑA CON RELLENO DE PIÑA,1.-PAN,1.-PAN,,,,1,1,0,9,0,0,0,0,9,9,9,0,0,0,94,1,94,0,Activo,MXN.-MONEDA NACIONAL,,,,50181900,H87,16,2
4,4.-E - K,95,95,95,1,ESPOLVOREADO,1.-PAN,1.-PAN,,,,1,1,0,30,0,0,0,0,30,30,30,0,0,0,95,1,95,0,Activo,MXN.-MONEDA NACIONAL,,,,50181900,H87,16,2
4,4.-E - K,96,96,96,1,FIGURA ESPAÑOLA,1.-PAN,1.-PAN,,,,1,1,0,7,0,0,0,0,7,7,7,0,0,0,96,1,96,0,Activo,MXN.-MONEDA NACIONAL,,,,50181900,H87,16,2
4,4.-E - K,97,97,97,1,FLAUTAS,1.-PAN,1.-PAN,,,,1,1,0,7,0,0,0,0,7,7,7,0,0,0,97,1,97,0,Activo,MXN.-MONEDA NACIONAL,,,,50181900,H87,16,2
4,4.-E - K,98,98,98,1,FLOR,1.-PAN,1.-PAN,,,,1,1,0,9,0,0,0,0,9,9,9,0,0,0,98,1,98,0,Activo,MXN.-MONEDA NACIONAL,,,,50181900,H87,16,2
4,4.-E - K,99,99,99,1,GALLETA DE CARITA,1.-PAN,1.-PAN,,,,1,1,0,7,0,0,0,0,7,7,7,0,0,0,99,1,99,0,Activo,MXN.-MONEDA NACIONAL,,,,50181900,H87,16,2
4,4.-E - K,100,100,100,1,GALLETA DE BOLSA CON NUEZ,1.-PAN,1.-PAN,,,,1,1,0,8,0,0,0,0,8,8,8,0,0,0,100,1,100,0,Activo,MXN.-MONEDA NACIONAL,,,,50181900,H87,16,2
4,4.-E - K,101,101,101,1,GALLETA DE CHOCOLATE CON NUEZ,1.-PAN,1.-PAN,,,,1,1,0,8,0,0,0,0,8,8,8,0,0,0,101,1,101,0,Activo,MXN.-MONEDA NACIONAL,,,,50181900,H87,16,2
4,4.-E - K,102,102,102,1,GALLETA DE COCO CON PUNTO,1.-PAN,1.-PAN,,,,1,1,0,8,0,0,0,0,8,8,8,0,0,0,102,1,102,0,Activo,MXN.-MONEDA NACIONAL,,,,50181900,H87,16,2
4,4.-E - K,132,132,132,1,GALLETA DE NUEZ,1.-PAN,1.-PAN,,,,1,1,0,8,0,0,0,0,8,8,8,0,0,0,102,1,132,0,Activo,MXN.-MONEDA NACIONAL,,,,50181900,H87,16,2
4,4.-E - K,103,103,103,1,GANSITO,1.-PAN,1.-PAN,,,,1,1,0,12,0,0,0,0,12,12,12,0,0,0,103,1,103,0,Activo,MXN.-MONEDA NACIONAL,,,,50181900,H87,16,2
4,4.-E - K,104,104,104,1,HIGO,1.-PAN,1.-PAN,,,,1,1,0,35,0,0,0,0,35,35,35,0,0,0,104,1,104,0,Activo,MXN.-MONEDA NACIONAL,,,,50181900,H87,16,2
4,4.-E - K,106,106,106,1,HOJALDRA DE CANELA,1.-PAN,1.-PAN,,,,1,1,0,18,0,0,0,0,18,18,18,0,0,0,105,1,106,0,Activo,MXN.-MONEDA NACIONAL,,,,50181900,H87,16,2
4,4.-E - K,107,107,107,1,HOJALDRA DE CANELA GRANDE,1.-PAN,1.-PAN,,,,1,1,0,50,0,0,0,0,50,50,50,0,0,0,107,1,107,0,Activo,MXN.-MONEDA NACIONAL,,,,50181900,H87,16,2
4,4.-E - K,112,112,112,1,HOJALDRA DE NARANJA CHICA,1.-PAN,1.-PAN,,,,1,1,0,23,0,0,0,0,23,23,23,0,0,0,108,1,112,0,Activo,MXN.-MONEDA NACIONAL,,,,50181900,H87,16,2
4,4.-E - K,113,113,113,1,HOJALDRA DE NARANJA MEDIANA,1.-PAN,1.-PAN,,,,1,1,0,115,0,0,0,0,115,115,115,0,0,0,108,1,113,0,Activo,MXN.-MONEDA NACIONAL,,,,50181900,H87,16,2
4,4.-E - K,114,114,114,1,HOJALDRA DE NARANJA GRANDE,1.-PAN,1.-PAN,,,,1,1,0,210,0,0,0,0,210,210,210,0,0,0,108,1,114,0,Activo,MXN.-MONEDA NACIONAL,,,,50181900,H87,16,2
4,4.-E - K,115,115,115,1,HOJALDRA DE NARANJA JUMBO,1.-PAN,1.-PAN,,,,1,1,0,279,0,0,0,0,279,279,279,0,0,0,108,1,115,0,Activo,MXN.-MONEDA NACIONAL,,,,50181900,H87,16,2
4,4.-E - K,134,134,134,1,HOJALDRA DE NARANJA INDIVIDUAL RELLENA,1.-PAN,1.-PAN,,,,1,1,0,60,0,0,0,0,60,60,60,0,0,0,108,1,134,0,Activo,MXN.-MONEDA NACIONAL,,,,50181900,H87,16,2
4,4.-E - K,135,135,135,1,HOJALDRA DE NUEZ INDIVIDUAL RELLENA,1.-PAN,1.-PAN,,,,1,1,0,65,0,0,0,0,65,65,65,0,0,0,108,1,135,0,Activo,MXN.-MONEDA NACIONAL,,,,50181900,H87,16,2
4,4.-E - K,136,136,136,1,HOJALDRA GLASEADA DE CANELA,1.-PAN,1.-PAN,,,,1,1,0,23,0,0,0,0,23,23,23,0,0,0,108,1,136,0,Activo,MXN.-MONEDA NACIONAL,,,,50181900,H87,16,2
4,4.-E - K,137,137,137,1,HOJALDRA DE CANELA,1.-PAN,1.-PAN,,,,1,1,0,23,0,0,0,0,23,23,23,0,0,0,108,1,137,0,Activo,MXN.-MONEDA NACIONAL,,,,50181900,H87,16,2
4,4.-E - K,108,108,108,1,HOJALDRA DE NUEZ CHICA,1.-PAN,1.-PAN,,,,1,1,0,26,0,0,0,0,26,26,26,0,0,0,109,1,108,0,Activo,MXN.-MONEDA NACIONAL,,,,50181900,H87,16,2
4,4.-E - K,109,109,109,1,HOJALDRA DE NUEZ MEDIANA,1.-PAN,1.-PAN,,,,1,1,0,130,0,0,0,0,130,130,130,0,0,0,109,1,109,0,Activo,MXN.-MONEDA NACIONAL,,,,50181900,H87,16,2
4,4.-E - K,110,110,110,1,HOJALDRA DE NUEZ GRANDE,1.-PAN,1.-PAN,,,,1,1,0,230,0,0,0,0,230,230,230,0,0,0,109,1,110,0,Activo,MXN.-MONEDA NACIONAL,,,,50181900,H87,16,2
4,4.-E - K,111,111,111,1,HOJALDRA DE NUEZ JUMBO,1.-PAN,1.-PAN,,,,1,1,0,349,0,0,0,0,349,349,349,0,0,0,109,1,111,0,Activo,MXN.-MONEDA NACIONAL,,,,50181900,H87,16,2
4,4.-E - K,105,105,105,1,HUESO DE MANTEQUILLA,1.-PAN,1.-PAN,,,,1,1,0,10,0,0,0,0,10,10,10,0,0,0,120,1,105,0,Activo,MXN.-MONEDA NACIONAL,,,,50181900,H87,16,2
5,5.-L - M,116,116,116,1,LADRILLO AZUCAR,1.-PAN,1.-PAN,,,,1,1,0,9,0,0,0,0,9,9,9,0,0,0,116,1,116,0,Activo,MXN.-MONEDA NACIONAL,,,,50181900,H87,16,2
5,5.-L - M,117,117,117,1,LADRILLO CHOCOLATE,1.-PAN,1.-PAN,,,,1,1,0,9,0,0,0,0,9,9,9,0,0,0,117,1,117,0,Activo,MXN.-MONEDA NACIONAL,,,,50181900,H87,16,2
5,5.-L - M,118,118,118,1,LADRILLO UNTADO,1.-PAN,1.-PAN,,,,1,1,0,9,0,0,0,0,9,9,9,0,0,0,118,1,118,0,Activo,MXN.-MONEDA NACIONAL,,,,50181900,H87,16,2
5,5.-L - M,119,119,119,1,LAUREL,1.-PAN,1.-PAN,,,,1,1,0,7,0,0,0,0,7,7,7,0,0,0,119,1,119,0,Activo,MXN.-MONEDA NACIONAL,,,,50181900,H87,16,2
5,5.-L - M,120,120,120,1,MANTECADAS,1.-PAN,1.-PAN,,,,1,1,0,7,0,0,0,0,7,7,7,0,0,0,120,1,120,0,Activo,MXN.-MONEDA NACIONAL,,,,50181900,H87,16,2
5,5.-L - M,121,121,121,1,MANTECONCHA DE CHOCOLATE,1.-PAN,1.-PAN,,,,1,1,0,10,0,0,0,0,10,10,10,0,0,0,121,1,121,0,Activo,MXN.-MONEDA NACIONAL,,,,50181900,H87,16,2
5,5.-L - M,122,122,122,1,MANTECONCHA DE VAINILLA,1.-PAN,1.-PAN,,,,1,1,0,10,0,0,0,0,10,10,10,0,0,0,122,1,122,0,Activo,MXN.-MONEDA NACIONAL,,,,50181900,H87,16,2
5,5.-L - M,123,123,123,1,MEDIAS,1.-PAN,1.-PAN,,,,1,1,0,12,0,0,0,0,12,12,12,0,0,0,123,1,123,0,Activo,MXN.-MONEDA NACIONAL,,,,50181900,H87,16,2
5,5.-L - M,124,124,124,1,MIL HOJAS,1.-PAN,1.-PAN,,,,1,1,0,17,0,0,0,0,17,17,17,0,0,0,124,1,124,0,Activo,MXN.-MONEDA NACIONAL,,,,50181900,H87,16,2
5,5.-L - M,125,125,125,1,MINI OREJA,1.-PAN,1.-PAN,,,,1,1,0,3,0,0,0,0,3,3,3,0,0,0,125,1,125,0,Activo,MXN.-MONEDA NACIONAL,,,,50181900,H87,16,2
5,5.-L - M,133,133,133,1,MINI PAN DE MUERTO,1.-PAN,1.-PAN,,,,1,1,0,5,0,0,0,0,5,5,5,0,0,0,125,1,133,0,Activo,MXN.-MONEDA NACIONAL,,,,50181900,H87,16,2
5,5.-L - M,126,126,126,1,MINIS,1.-PAN,1.-PAN,,,,1,1,0,30,0,0,0,0,30,30,30,0,0,0,126,1,126,0,Activo,MXN.-MONEDA NACIONAL,,,,50181900,H87,16,2
5,5.-L - M,127,127,127,1,MOÑO,1.-PAN,1.-PAN,,,,1,1,0,8,0,0,0,0,8,8,8,0,0,0,127,1,127,0,Activo,MXN.-MONEDA NACIONAL,,,,50181900,H87,16,2
5,5.-L - M,128,128,128,1,MUFFIN DE CHOCOLATE RELLENO DE CAPUCCINO,1.-PAN,1.-PAN,,,,1,1,0,13,0,0,0,0,13,13,13,0,0,0,128,1,128,0,Activo,MXN.-MONEDA NACIONAL,,,,50181900,H87,16,2
5,5.-L - M,129,129,129,1,MUFIN DE VAINILLA CON RELLENO DE MANGO,1.-PAN,1.-PAN,,,,1,1,0,13,0,0,0,0,13,13,13,0,0,0,129,1,129,0,Activo,MXN.-MONEDA NACIONAL,,,,50181900,H87,16,2
5,5.-L - M,130,130,130,1,MULTI CON CHOCOLATE,1.-PAN,1.-PAN,,,,1,1,0,14,0,0,0,0,14,14,14,0,0,0,130,1,130,0,Activo,MXN.-MONEDA NACIONAL,,,,50181900,H87,16,2
5,5.-L - M,131,131,131,1,MULTI MARMOLEADO,1.-PAN,1.-PAN,,,,1,1,0,14,0,0,0,0,14,14,14,0,0,0,131,1,131,0,Activo,MXN.-MONEDA NACIONAL,,,,50181900,H87,16,2
6,6.-N - P,142,142,142,1,NEGRITO,1.-PAN,1.-PAN,,,,1,1,0,8,0,0,0,0,8,8,8,0,0,0,142,1,142,0,Activo,MXN.-MONEDA NACIONAL,,,,50181900,H87,16,2
6,6.-N - P,143,143,143,1,NEVADA,1.-PAN,1.-PAN,,,,1,1,0,17,0,0,0,0,17,17,17,0,0,0,143,1,143,0,Activo,MXN.-MONEDA NACIONAL,,,,50181900,H87,16,2
6,6.-N - P,144,144,144,1,NOVIA,1.-PAN,1.-PAN,,,,1,1,0,9,0,0,0,0,9,9,9,0,0,0,144,1,144,0,Activo,MXN.-MONEDA NACIONAL,,,,50181900,H87,16,2
6,6.-N - P,145,145,145,1,NUBE,1.-PAN,1.-PAN,,,,1,1,0,8,0,0,0,0,8,8,8,0,0,0,145,1,145,0,Activo,MXN.-MONEDA NACIONAL,,,,50181900,H87,16,2
6,6.-N - P,146,146,146,1,NUEZ,1.-PAN,1.-PAN,,,,1,1,0,40,0,0,0,0,40,40,40,0,0,0,146,1,146,0,Activo,MXN.-MONEDA NACIONAL,,,,50181900,H87,16,2
6,6.-N - P,147,147,147,1,OFERTA DE PANES,1.-PAN,1.-PAN,,,,1,1,0,25,0,0,0,0,25,25,25,0,0,0,147,1,147,0,Activo,MXN.-MONEDA NACIONAL,,,,50181900,H87,16,2
6,6.-N - P,148,148,148,1,OJO DE BUEY,1.-PAN,1.-PAN,,,,1,1,0,10,0,0,0,0,10,10,10,0,0,0,148,1,148,0,Activo,MXN.-MONEDA NACIONAL,,,,50181900,H87,16,2
6,6.-N - P,149,149,149,1,OJO DE VENADO,1.-PAN,1.-PAN,,,,1,1,0,10,0,0,0,0,10,10,10,0,0,0,149,1,149,0,Activo,MXN.-MONEDA NACIONAL,,,,50181900,H87,16,2
6,6.-N - P,150,150,150,1,OREJA,1.-PAN,1.-PAN,,,,1,1,0,8,0,0,0,0,8,8,8,0,0,0,150,1,150,0,Activo,MXN.-MONEDA NACIONAL,,,,50181900,H87,16,2
6,6.-N - P,151,151,151,1,PAMBAZO DE PILONCILLO CON ANÍS,1.-PAN,1.-PAN,,,,1,1,0,5,0,0,0,0,5,5,5,0,0,0,151,1,151,0,Activo,MXN.-MONEDA NACIONAL,,,,50181900,H87,16,2
6,6.-N - P,152,152,152,1,PAN MOLIDO,1.-PAN,1.-PAN,,,,1,1,0,24,0,0,0,0,24,24,24,0,0,0,152,1,152,0,Activo,MXN.-MONEDA NACIONAL,,,,50181900,H87,16,2
6,6.-N - P,153,153,153,1,PANADEROS,1.-PAN,1.-PAN,,,,1,1,0,7,0,0,0,0,7,7,7,0,0,0,153,1,153,0,Activo,MXN.-MONEDA NACIONAL,,,,50181900,H87,16,2
6,6.-N - P,154,154,154,1,PASAS,1.-PAN,1.-PAN,,,,1,1,0,30,0,0,0,0,30,30,30,0,0,0,154,1,154,0,Activo,MXN.-MONEDA NACIONAL,,,,50181900,H87,16,2
6,6.-N - P,155,155,155,1,PANQUE DE ELOTE,1.-PAN,1.-PAN,,,,1,1,0,18,0,0,0,0,18,18,18,0,0,0,155,1,155,0,Activo,MXN.-MONEDA NACIONAL,,,,50181900,H87,16,2
6,6.-N - P,156,156,156,1,PAN DE ELOTE,1.-PAN,1.-PAN,,,,1,1,0,35,0,0,0,0,35,35,35,0,0,0,156,1,156,0,Activo,MXN.-MONEDA NACIONAL,,,,50181900,H87,16,2
6,6.-N - P,174,174,174,1,PAN DE MUERTO,1.-PAN,1.-PAN,,,,1,1,0,9,0,0,0,0,9,9,9,0,0,0,156,1,174,0,Activo,MXN.-MONEDA NACIONAL,,,,50181900,H87,16,2
6,6.-N - P,175,175,175,1,PAN DE MUERTO DOBLE,1.-PAN,1.-PAN,,,,1,1,0,18,0,0,0,0,18,18,18,0,0,0,156,1,175,0,Activo,MXN.-MONEDA NACIONAL,,,,50181900,H87,16,2
6,6.-N - P,176,176,176,1,PAN DE MUERTO MUÑECO,1.-PAN,1.-PAN,,,,1,1,0,18,0,0,0,0,18,18,18,0,0,0,156,1,176,0,Activo,MXN.-MONEDA NACIONAL,,,,50181900,H87,16,2
6,6.-N - P,177,177,177,1,PAN DE MUERTO CHICO,1.-PAN,1.-PAN,,,,1,1,0,5,0,0,0,0,5,5,5,0,0,0,156,1,177,0,Activo,MXN.-MONEDA NACIONAL,,,,50181900,H87,16,2
6,6.-N - P,157,157,157,1,PASTEL DE ELOTE,1.-PAN,1.-PAN,,,,1,1,0,23,0,0,0,0,23,23,23,0,0,0,157,1,157,0,Activo,MXN.-MONEDA NACIONAL,,,,50181900,H87,16,2
6,6.-N - P,158,158,158,1,PASTEL C. DE ELOTE,1.-PAN,1.-PAN,,,,1,1,0,330,0,0,0,0,330,330,330,0,0,0,158,1,158,0,Activo,MXN.-MONEDA NACIONAL,,,,50181900,H87,16,2
6,6.-N - P,159,159,159,1,PEINETA DE FRESA,1.-PAN,1.-PAN,,,,1,1,0,8,0,0,0,0,8,8,8,0,0,0,159,1,159,0,Activo,MXN.-MONEDA NACIONAL,,,,50181900,H87,16,2
6,6.-N - P,160,160,160,1,PIEDRA DE AZUCAR,1.-PAN,1.-PAN,,,,1,1,0,9,0,0,0,0,9,9,9,0,0,0,160,1,160,0,Activo,MXN.-MONEDA NACIONAL,,,,50181900,H87,16,2
6,6.-N - P,161,161,161,1,PIEDRA DE CHOCOLATE,1.-PAN,1.-PAN,,,,1,1,0,9,0,0,0,0,9,9,9,0,0,0,161,1,161,0,Activo,MXN.-MONEDA NACIONAL,,,,50181900,H87,16,2
6,6.-N - P,162,162,162,1,PINGUINO,1.-PAN,1.-PAN,,,,1,1,0,12,0,0,0,0,12,12,12,0,0,0,162,1,162,0,Activo,MXN.-MONEDA NACIONAL,,,,50181900,H87,16,2
6,6.-N - P,163,163,163,1,PIZZA HAWAIANA REBANADA,1.-PAN,1.-PAN,,,,1,1,0,22,0,0,0,0,22,22,22,0,0,0,163,1,163,0,Activo,MXN.-MONEDA NACIONAL,,,,50181900,H87,16,2
6,6.-N - P,164,164,164,1,PIZZA PEPPERONI REBANADA,1.-PAN,1.-PAN,,,,1,1,0,17,0,0,0,0,17,17,17,0,0,0,164,1,164,0,Activo,MXN.-MONEDA NACIONAL,,,,50181900,H87,16,2
6,6.-N - P,165,165,165,1,PIZZA COMBINADA HAW/PEP COMPLETA,1.-PAN,1.-PAN,,,,1,1,0,117,0,0,0,0,117,117,117,0,0,0,165,1,165,0,Activo,MXN.-MONEDA NACIONAL,,,,50181900,H87,16,2
6,6.-N - P,166,166,166,1,PIZZA HAWAIANA COMPLETA,1.-PAN,1.-PAN,,,,1,1,0,129,0,0,0,0,129,129,129,0,0,0,166,1,166,0,Activo,MXN.-MONEDA NACIONAL,,,,50181900,H87,16,2
6,6.-N - P,167,167,167,1,PIZZA PEPPERONI COMPLETA,1.-PAN,1.-PAN,,,,1,1,0,99,0,0,0,0,99,99,99,0,0,0,167,1,167,0,Activo,MXN.-MONEDA NACIONAL,,,,50181900,H87,16,2
6,6.-N - P,168,168,168,1,PLATANO,1.-PAN,1.-PAN,,,,1,1,0,8,0,0,0,0,8,8,8,0,0,0,168,1,168,0,Activo,MXN.-MONEDA NACIONAL,,,,50181900,H87,16,2
6,6.-N - P,169,169,169,1,PLOMO CON COCO,1.-PAN,1.-PAN,,,,1,1,0,8,0,0,0,0,8,8,8,0,0,0,169,1,169,0,Activo,MXN.-MONEDA NACIONAL,,,,50181900,H87,16,2
6,6.-N - P,170,170,170,1,PLOMO CON NUEZ,1.-PAN,1.-PAN,,,,1,1,0,8,0,0,0,0,8,8,8,0,0,0,170,1,170,0,Activo,MXN.-MONEDA NACIONAL,,,,50181900,H87,16,2
6,6.-N - P,171,171,171,1,PLUMA,1.-PAN,1.-PAN,,,,1,1,0,7,0,0,0,0,7,7,7,0,0,0,171,1,171,0,Activo,MXN.-MONEDA NACIONAL,,,,50181900,H87,16,2
6,6.-N - P,172,172,172,1,POLVORON NARANJA,1.-PAN,1.-PAN,,,,1,1,0,8,0,0,0,0,8,8,8,0,0,0,172,1,172,0,Activo,MXN.-MONEDA NACIONAL,,,,50181900,H87,16,2
6,6.-N - P,173,173,173,1,POLVORON SEVILLANO,1.-PAN,1.-PAN,,,,1,1,0,5,0,0,0,0,5,5,5,0,0,0,173,1,173,0,Activo,MXN.-MONEDA NACIONAL,,,,50181900,H87,16,2
7,7.-R - S,184,184,184,1,REBANADA CARIOCA DE COCO RELLENA DE CHABACANO,1.-PAN,1.-PAN,,,,1,1,0,9,0,0,0,0,9,9,9,0,0,0,184,1,184,0,Activo,MXN.-MONEDA NACIONAL,,,,50181900,H87,16,2
7,7.-R - S,185,185,185,1,REBANADA CARIOCA DE GRANILLO RELLENA DE CHABACANO,1.-PAN,1.-PAN,,,,1,1,0,9,0,0,0,0,9,9,9,0,0,0,185,1,185,0,Activo,MXN.-MONEDA NACIONAL,,,,50181900,H87,16,2
7,7.-R - S,186,186,186,1,REBANADA CON HIGO,1.-PAN,1.-PAN,,,,1,1,0,9,0,0,0,0,9,9,9,0,0,0,186,1,186,0,Activo,MXN.-MONEDA NACIONAL,,,,50181900,H87,16,2
7,7.-R - S,187,187,187,1,REBANADA DE AZUCAR,1.-PAN,1.-PAN,,,,1,1,0,8,0,0,0,0,8,8,8,0,0,0,187,1,187,0,Activo,MXN.-MONEDA NACIONAL,,,,50181900,H87,16,2
7,7.-R - S,188,188,188,1,REBANADA SOL Y SOMBRA,1.-PAN,1.-PAN,,,,1,1,0,9,0,0,0,0,9,9,9,0,0,0,188,1,188,0,Activo,MXN.-MONEDA NACIONAL,,,,50181900,H87,16,2
7,7.-R - S,189,189,189,1,REJA,1.-PAN,1.-PAN,,,,1,1,0,8,0,0,0,0,8,8,8,0,0,0,189,1,189,0,Activo,MXN.-MONEDA NACIONAL,,,,50181900,H87,16,2
7,7.-R - S,190,190,190,1,RIEL DE FRESA O PIÑA,1.-PAN,1.-PAN,,,,1,1,0,9,0,0,0,0,9,9,9,0,0,0,190,1,190,0,Activo,MXN.-MONEDA NACIONAL,,,,50181900,H87,16,2
7,7.-R - S,191,191,191,1,ROL DE CANELA,1.-PAN,1.-PAN,,,,1,1,0,17,0,0,0,0,17,17,17,0,0,0,191,1,191,0,Activo,MXN.-MONEDA NACIONAL,,,,50181900,H87,16,2
7,7.-R - S,192,192,192,1,ROLLO DE JAMON Y QUESO PHILADELPHIA,1.-PAN,1.-PAN,,,,1,1,0,13,0,0,0,0,13,13,13,0,0,0,192,1,192,0,Activo,MXN.-MONEDA NACIONAL,,,,50181900,H87,16,2
7,7.-R - S,193,193,193,1,ROLLO DE MANZANA CANELA,1.-PAN,1.-PAN,,,,1,1,0,11,0,0,0,0,11,11,11,0,0,0,193,1,193,0,Activo,MXN.-MONEDA NACIONAL,,,,50181900,H87,16,2
7,7.-R - S,194,194,194,1,ROLLO DE PIÑA CON SALVADO,1.-PAN,1.-PAN,,,,1,1,0,11,0,0,0,0,11,11,11,0,0,0,194,1,194,0,Activo,MXN.-MONEDA NACIONAL,,,,50181900,H87,16,2
7,7.-R - S,195,195,195,1,ROLLO DE QUESO ZARZA,1.-PAN,1.-PAN,,,,1,1,0,17,0,0,0,0,17,17,17,0,0,0,195,1,195,0,Activo,MXN.-MONEDA NACIONAL,,,,50181900,H87,16,2
7,7.-R - S,196,196,196,1,ROSCA BOLSA CON NUEZ,1.-PAN,1.-PAN,,,,1,1,0,8,0,0,0,0,8,8,8,0,0,0,196,1,196,0,Activo,MXN.-MONEDA NACIONAL,,,,50181900,H87,16,2
7,7.-R - S,197,197,197,1,ROSCA DE ARANDANO CON NUEZ,1.-PAN,1.-PAN,,,,1,1,0,17,0,0,0,0,17,17,17,0,0,0,197,1,197,0,Activo,MXN.-MONEDA NACIONAL,,,,50181900,H87,16,2
7,7.-R - S,198,198,198,1,ROSCA C. DE ARANDANO CON NUEZ,1.-PAN,1.-PAN,,,,1,1,0,200,0,0,0,0,200,200,200,0,0,0,198,1,198,0,Activo,MXN.-MONEDA NACIONAL,,,,50181900,H87,16,2
7,7.-R - S,199,199,199,1,ROSCA DE NARANJA,1.-PAN,1.-PAN,,,,1,1,0,17,0,0,0,0,17,17,17,0,0,0,199,1,199,0,Activo,MXN.-MONEDA NACIONAL,,,,50181900,H87,16,2
7,7.-R - S,200,200,200,1,ROSCA C. DE NARANJA,1.-PAN,1.-PAN,,,,1,1,0,200,0,0,0,0,200,200,200,0,0,0,200,1,200,0,Activo,MXN.-MONEDA NACIONAL,,,,50181900,H87,16,2
7,7.-R - S,201,201,201,1,ROSCA DE CHOCOLATE RELLENA DE QUESO ZARZA,1.-PAN,1.-PAN,,,,1,1,0,17,0,0,0,0,17,17,17,0,0,0,201,1,201,0,Activo,MXN.-MONEDA NACIONAL,,,,50181900,H87,16,2
7,7.-R - S,202,202,202,1,ROSCA C. DE CHOCOLATE RELLENA DE QUESO ZARZA,1.-PAN,1.-PAN,,,,1,1,0,200,0,0,0,0,200,200,200,0,0,0,202,1,202,0,Activo,MXN.-MONEDA NACIONAL,,,,50181900,H87,16,2
7,7.-R - S,203,203,203,1,ROSCA DE VAINILLA RELLENA DE QUESO ZARZA,1.-PAN,1.-PAN,,,,1,1,0,17,0,0,0,0,17,17,17,0,0,0,203,1,203,0,Activo,MXN.-MONEDA NACIONAL,,,,50181900,H87,16,2
7,7.-R - S,204,204,204,1,ROSCA C. DE VAINILLA RELLENA DE QUESO ZARZA,1.-PAN,1.-PAN,,,,1,1,0,200,0,0,0,0,200,200,200,0,0,0,204,1,204,0,Activo,MXN.-MONEDA NACIONAL,,,,50181900,H87,16,2
7,7.-R - S,205,205,205,1,ROSCA DE CANELA RELLENA DE FRESA,1.-PAN,1.-PAN,,,,1,1,0,8,0,0,0,0,8,8,8,0,0,0,205,1,205,0,Activo,MXN.-MONEDA NACIONAL,,,,50181900,H87,16,2
7,7.-R - S,206,206,206,1,ROSCA C. DE CANELA RELLENA DE FRESA,1.-PAN,1.-PAN,,,,1,1,0,8,0,0,0,0,8,8,8,0,0,0,206,1,206,0,Activo,MXN.-MONEDA NACIONAL,,,,50181900,H87,16,2
7,7.-R - S,207,207,207,1,RUEDA DE MANTECA,1.-PAN,1.-PAN,,,,1,1,0,7,0,0,0,0,7,7,7,0,0,0,207,1,207,0,Activo,MXN.-MONEDA NACIONAL,,,,50181900,H87,16,2
7,7.-R - S,208,208,208,1,SACRISTAN,1.-PAN,1.-PAN,,,,1,1,0,9,0,0,0,0,9,9,9,0,0,0,208,1,208,0,Activo,MXN.-MONEDA NACIONAL,,,,50181900,H87,16,2
8,8.-T - Z,219,219,219,1,TABASQUEÑO,1.-PAN,1.-PAN,,,,1,1,0,8,0,0,0,0,8,8,8,0,0,0,219,1,219,0,Activo,MXN.-MONEDA NACIONAL,,,,50181900,H87,16,2
8,8.-T - Z,220,220,220,1,TAPADO O MORDIDA,1.-PAN,1.-PAN,,,,1,1,0,8,0,0,0,0,8,8,8,0,0,0,220,1,220,0,Activo,MXN.-MONEDA NACIONAL,,,,50181900,H87,16,2
8,8.-T - Z,221,221,221,1,TEJAMANI DE MANTECA CON AZUCAR,1.-PAN,1.-PAN,,,,1,1,0,7,0,0,0,0,7,7,7,0,0,0,221,1,221,0,Activo,MXN.-MONEDA NACIONAL,,,,50181900,H87,16,2
8,8.-T - Z,222,222,222,1,TOSTADA DE CANELA,1.-PAN,1.-PAN,,,,1,1,0,7,0,0,0,0,7,7,7,0,0,0,222,1,222,0,Activo,MXN.-MONEDA NACIONAL,,,,50181900,H87,16,2
8,8.-T - Z,223,223,223,1,TOSTADAS DE MANTEQUILLA,1.-PAN,1.-PAN,,,,1,1,0,15,0,0,0,0,15,15,15,0,0,0,223,1,223,0,Activo,MXN.-MONEDA NACIONAL,,,,50181900,H87,16,2
8,8.-T - Z,224,224,224,1,TRONCO DE CANELA,1.-PAN,1.-PAN,,,,1,1,0,7,0,0,0,0,7,7,7,0,0,0,224,1,224,0,Activo,MXN.-MONEDA NACIONAL,,,,50181900,H87,16,2
8,8.-T - Z,225,225,225,1,"VIENESA DE CREMA, COCO, HIGO Y NUEZ",1.-PAN,1.-PAN,,,,1,1,0,17,0,0,0,0,17,17,17,0,0,0,225,1,225,0,Activo,MXN.-MONEDA NACIONAL,,,,50181900,H87,16,2
8,8.-T - Z,227,227,227,1,VOLCAN,1.-PAN,1.-PAN,,,,1,1,0,8,0,0,0,0,8,8,8,0,0,0,226,1,227,0,Activo,MXN.-MONEDA NACIONAL,,,,50181900,H87,16,2
8,8.-T - Z,226,226,226,1,VOLTEADO DE NUEZ,1.-PAN,1.-PAN,,,,1,1,0,13,0,0,0,0,13,13,13,0,0,0,227,1,226,0,Activo,MXN.-MONEDA NACIONAL,,,,50181900,H87,16,2
17,17.-ROSCA DE REYES,218,218,218,1,ROSCA DE REYES NARANJA MINI,1.-PAN,1.-PAN,,,,1,1,0,40,0,0,0,0,40,40,40,0,0,0,200,1,218,0,Activo,MXN.-MONEDA NACIONAL,,,,50181900,H87,16,2
17,17.-ROSCA DE REYES,209,209,209,1,ROSCA DE REYES NARANJA MEDIANA,1.-PAN,1.-PAN,,,,1,1,0,190,0,0,0,0,190,190,190,0,0,0,201,1,209,0,Activo,MXN.-MONEDA NACIONAL,,,,50181900,H87,16,2
17,17.-ROSCA DE REYES,210,210,210,1,ROSCA DE REYES NARANJA GRANDE,1.-PAN,1.-PAN,,,,1,1,0,290,0,0,0,0,290,290,290,0,0,0,202,1,210,0,Activo,MXN.-MONEDA NACIONAL,,,,50181900,H87,16,2
17,17.-ROSCA DE REYES,211,211,211,1,ROSCA DE REYES NARANJA JUMBO,1.-PAN,1.-PAN,,,,1,1,0,390,0,0,0,0,390,390,390,0,0,0,203,1,211,0,Activo,MXN.-MONEDA NACIONAL,,,,50181900,H87,16,2
17,17.-ROSCA DE REYES,1219,1219,1219,1,ROSCA DE REYES NUEZ MINI,1.-PAN,1.-PAN,,,,1,1,0,55,0,0,0,0,55,55,55,0,0,0,204,1,1219,0,Activo,MXN.-MONEDA NACIONAL,,,,50181900,H87,16,2
17,17.-ROSCA DE REYES,212,212,212,1,ROSCA DE REYES NUEZ MEDIANA,1.-PAN,1.-PAN,,,,1,1,0,270,0,0,0,0,270,270,270,0,0,0,205,1,212,0,Activo,MXN.-MONEDA NACIONAL,,,,50181900,H87,16,2
17,17.-ROSCA DE REYES,213,213,213,1,ROSCA DE REYES NUEZ GRANDE,1.-PAN,1.-PAN,,,,1,1,0,400,0,0,0,0,400,400,400,0,0,0,206,1,213,0,Activo,MXN.-MONEDA NACIONAL,,,,50181900,H87,16,2
17,17.-ROSCA DE REYES,214,214,214,1,ROSCA DE REYES NUEZ JUMBO,1.-PAN,1.-PAN,,,,1,1,0,530,0,0,0,0,530,530,530,0,0,0,207,1,214,0,Activo,MXN.-MONEDA NACIONAL,,,,50181900,H87,16,2
17,17.-ROSCA DE REYES,1220,1220,1220,1,ROSCA DE REYES ZARZAMORA PHIL MINI,1.-PAN,1.-PAN,,,,1,1,0,80,0,0,0,0,80,80,80,0,0,0,208,1,1220,0,Activo,MXN.-MONEDA NACIONAL,,,,50181900,H87,16,2
17,17.-ROSCA DE REYES,215,215,215,1,ROSCA DE REYES ZARZAMORA PHIL MEDIANA,1.-PAN,1.-PAN,,,,1,1,0,330,0,0,0,0,330,330,330,0,0,0,209,1,215,0,Activo,MXN.-MONEDA NACIONAL,,,,50181900,H87,16,2
17,17.-ROSCA DE REYES,216,216,216,1,ROSCA DE REYES ZARZAMORA PHIL GRANDE,1.-PAN,1.-PAN,,,,1,1,0,500,0,0,0,0,500,500,500,0,0,0,210,1,216,0,Activo,MXN.-MONEDA NACIONAL,,,,50181900,H87,16,2
17,17.-ROSCA DE REYES,217,217,217,1,ROSCA DE REYES ZARZAMORA PHIL JUMBO,1.-PAN,1.-PAN,,,,1,1,0,630,0,0,0,0,630,630,630,0,0,0,211,1,217,0,Activo,MXN.-MONEDA NACIONAL,,,,50181900,H87,16,2
9,9.-LACTEOS,237,237,237,1,NATA,1.-PAN,1.-PAN,,,,1,1,0,50,0,0,0,0,50,50,50,0,0,0,237,1,237,0,Activo,MXN.-MONEDA NACIONAL,,,,50131700,H87,16,2
9,9.-LACTEOS,238,238,238,1,LECHE ALPURA DE CHOCOLATE DE UN LITRO,1.-PAN,1.-PAN,,,,1,1,0,30,0,0,0,0,30,30,30,0,0,0,238,1,238,0,Activo,MXN.-MONEDA NACIONAL,,,,50131700,H87,16,2
9,9.-LACTEOS,239,239,239,1,LECHE ALPURA DE FRESA DE UN LITRO,1.-PAN,1.-PAN,,,,1,1,0,30,0,0,0,0,30,30,30,0,0,0,239,1,239,0,Activo,MXN.-MONEDA NACIONAL,,,,50131700,H87,16,2
9,9.-LACTEOS,240,240,240,1,LECHE ALPURA DE VAINILLA DE UN LITRO,1.-PAN,1.-PAN,,,,1,1,0,30,0,0,0,0,30,30,30,0,0,0,240,1,240,0,Activo,MXN.-MONEDA NACIONAL,,,,50131700,H87,16,2
9,9.-LACTEOS,241,241,241,1,LECHE ALPURA SEMI DE UN LITRO,1.-PAN,1.-PAN,,,,1,1,0,28,0,0,0,0,28,28,28,0,0,0,241,1,241,0,Activo,MXN.-MONEDA NACIONAL,,,,50131700,H87,16,2
9,9.-LACTEOS,242,242,242,1,LECHE ALPURA SEMI DESLACTOSADA DE UN LITRO,1.-PAN,1.-PAN,,,,1,1,0,28,0,0,0,0,28,28,28,0,0,0,242,1,242,0,Activo,MXN.-MONEDA NACIONAL,,,,50131700,H87,16,2
9,9.-LACTEOS,243,243,243,1,LECHE SANTA CLARA DESLACTOSADA DE UN LITRO,1.-PAN,1.-PAN,,,,1,1,0,28,0,0,0,0,28,28,28,0,0,0,243,1,243,0,Activo,MXN.-MONEDA NACIONAL,,,,50131700,H87,16,2
9,9.-LACTEOS,244,244,244,1,LECHE SANTA CLARA ENTERA DE UN LITRO,1.-PAN,1.-PAN,,,,1,1,0,28,0,0,0,0,28,28,28,0,0,0,244,1,244,0,Activo,MXN.-MONEDA NACIONAL,,,,50131700,H87,16,2
9,9.-LACTEOS,245,245,245,1,NUTRI DE UN LITRO,1.-PAN,1.-PAN,,,,1,1,0,21,0,0,0,0,21,21,21,0,0,0,245,1,245,0,Activo,MXN.-MONEDA NACIONAL,,,,50131700,H87,16,2
10,10.-SOBRE PEDIDO,256,256,256,1,BAGUETTE CHICO,1.-PAN,1.-PAN,,,,1,1,0,5,0,0,0,0,5,5,5,0,0,0,256,1,256,0,Activo,MXN.-MONEDA NACIONAL,,,,50181900,H87,16,2
10,10.-SOBRE PEDIDO,257,257,257,1,BARRA VIEJA HIERBAS FINAS,1.-PAN,1.-PAN,,,,1,1,0,20,0,0,0,0,20,20,20,0,0,0,257,1,257,0,Activo,MXN.-MONEDA NACIONAL,,,,50181900,H87,16,2
10,10.-SOBRE PEDIDO,258,258,258,1,BARRA VIEJA NATURAL,1.-PAN,1.-PAN,,,,1,1,0,20,0,0,0,0,20,20,20,0,0,0,258,1,258,0,Activo,MXN.-MONEDA NACIONAL,,,,50181900,H87,16,2
10,10.-SOBRE PEDIDO,259,259,259,1,BARRA VIEJA RELLENA CON QUESO PHILADELPHIA,1.-PAN,1.-PAN,,,,1,1,0,45,0,0,0,0,45,45,45,0,0,0,259,1,259,0,Activo,MXN.-MONEDA NACIONAL,,,,50181900,H87,16,2
10,10.-SOBRE PEDIDO,260,260,260,1,BOLILLO CON AJONJOLI CHICO,1.-PAN,1.-PAN,,,,1,1,0,4,0,0,0,0,4,4,4,0,0,0,260,1,260,0,Activo,MXN.-MONEDA NACIONAL,,,,50181900,H87,16,2
10,10.-SOBRE PEDIDO,261,261,261,1,BOLILLO CON AJONJOLI MEDIANO,1.-PAN,1.-PAN,,,,1,1,0,5,0,0,0,0,5,5,5,0,0,0,261,1,261,0,Activo,MXN.-MONEDA NACIONAL,,,,50181900,H87,16,2
10,10.-SOBRE PEDIDO,262,262,262,1,BOLILLO ARTESANAL CHICO,1.-PAN,1.-PAN,,,,1,1,0,3,0,0,0,0,3,3,3,0,0,0,262,1,262,0,Activo,MXN.-MONEDA NACIONAL,,,,50181900,H87,16,2
10,10.-SOBRE PEDIDO,263,263,263,1,BOLILLO ARTESANAL GRA,1.-PAN,1.-PAN,,,,1,1,0,7,0,0,0,0,7,7,7,0,0,0,263,1,263,0,Activo,MXN.-MONEDA NACIONAL,,,,50181900,H87,16,2
10,10.-SOBRE PEDIDO,264,264,264,1,BOLILLO ARTESANAL JUM,1.-PAN,1.-PAN,,,,1,1,0,12,0,0,0,0,12,12,12,0,0,0,264,1,264,0,Activo,MXN.-MONEDA NACIONAL,,,,50181900,H87,16,2
10,10.-SOBRE PEDIDO,265,265,265,1,BOLLO,1.-PAN,1.-PAN,,,,1,1,0,6.5,0,0,0,0,6.5,6.5,6.5,0,0,0,265,1,265,0,Activo,MXN.-MONEDA NACIONAL,,,,50181900,H87,16,2
10,10.-SOBRE PEDIDO,266,266,266,1,CHAPATA DE AJO PEREJIL CON QUESO PHILADELPHIA,1.-PAN,1.-PAN,,,,1,1,0,15,0,0,0,0,15,15,15,0,0,0,266,1,266,0,Activo,MXN.-MONEDA NACIONAL,,,,50181900,H87,16,2
10,10.-SOBRE PEDIDO,267,267,267,1,CHAPATA NATURAL,1.-PAN,1.-PAN,,,,1,1,0,8,0,0,0,0,8,8,8,0,0,0,267,1,267,0,Activo,MXN.-MONEDA NACIONAL,,,,50181900,H87,16,2
10,10.-SOBRE PEDIDO,268,268,268,1,CHAPATA REPOSADA,1.-PAN,1.-PAN,,,,1,1,0,8,0,0,0,0,8,8,8,0,0,0,268,1,268,0,Activo,MXN.-MONEDA NACIONAL,,,,50181900,H87,16,2
10,10.-SOBRE PEDIDO,269,269,269,1,HAMBURGUESA CHICA (MARINA),1.-PAN,1.-PAN,,,,1,1,0,7.5,0,0,0,0,7.5,7.5,7.5,0,0,0,269,1,269,0,Activo,MXN.-MONEDA NACIONAL,,,,50181900,H87,16,2
10,10.-SOBRE PEDIDO,270,270,270,1,HAMBURGUESA GRANDE,1.-PAN,1.-PAN,,,,1,1,0,9.5,0,0,0,0,9.5,9.5,9.5,0,0,0,270,1,270,0,Activo,MXN.-MONEDA NACIONAL,,,,50181900,H87,16,2
10,10.-SOBRE PEDIDO,271,271,271,1,HAMBURGUESA JUMBO,1.-PAN,1.-PAN,,,,1,1,0,10.5,0,0,0,0,10.5,10.5,10.5,0,0,0,271,1,271,0,Activo,MXN.-MONEDA NACIONAL,,,,50181900,H87,16,2
10,10.-SOBRE PEDIDO,272,272,272,1,HAMBURGUESA MEDIANA,1.-PAN,1.-PAN,,,,1,1,0,8.5,0,0,0,0,8.5,8.5,8.5,0,0,0,272,1,272,0,Activo,MXN.-MONEDA NACIONAL,,,,50181900,H87,16,2
10,10.-SOBRE PEDIDO,273,273,273,1,HOGAZAS,1.-PAN,1.-PAN,,,,1,1,0,0,0,0,0,0,0,0,0,0,0,0,273,1,273,0,Activo,MXN.-MONEDA NACIONAL,,,,50181900,H87,16,2
10,10.-SOBRE PEDIDO,274,274,274,1,HOJALDRA GRANDE,1.-PAN,1.-PAN,,,,1,1,0,9,0,0,0,0,9,9,9,0,0,0,274,1,274,0,Activo,MXN.-MONEDA NACIONAL,,,,50181900,H87,16,2
10,10.-SOBRE PEDIDO,275,275,275,1,HOJALDRA MEDIANA,1.-PAN,1.-PAN,,,,1,1,0,8,0,0,0,0,8,8,8,0,0,0,275,1,275,0,Activo,MXN.-MONEDA NACIONAL,,,,50181900,H87,16,2
10,10.-SOBRE PEDIDO,276,276,276,1,HOT DOGS,1.-PAN,1.-PAN,,,,1,1,0,7,0,0,0,0,7,7,7,0,0,0,276,1,276,0,Activo,MXN.-MONEDA NACIONAL,,,,50181900,H87,16,2
10,10.-SOBRE PEDIDO,277,277,277,1,MINIPAMBACITOS,1.-PAN,1.-PAN,,,,1,1,0,15,0,0,0,0,15,15,15,0,0,0,277,1,277,0,Activo,MXN.-MONEDA NACIONAL,,,,50181900,H87,16,2
10,10.-SOBRE PEDIDO,278,278,278,1,PAMBAZO MEXICANO,1.-PAN,1.-PAN,,,,1,1,0,4,0,0,0,0,4,4,4,0,0,0,278,1,278,0,Activo,MXN.-MONEDA NACIONAL,,,,50181900,H87,16,2
10,10.-SOBRE PEDIDO,279,279,279,1,PAN INTEGRAL,1.-PAN,1.-PAN,,,,1,1,0,7,0,0,0,0,7,7,7,0,0,0,279,1,279,0,Activo,MXN.-MONEDA NACIONAL,,,,50181900,H87,16,2
10,10.-SOBRE PEDIDO,280,280,280,1,TELERA ARTESANAL CHICA,1.-PAN,1.-PAN,,,,1,1,0,3,0,0,0,0,3,3,3,0,0,0,280,1,280,0,Activo,MXN.-MONEDA NACIONAL,,,,50181900,H87,16,2
10,10.-SOBRE PEDIDO,281,281,281,1,TELERA ARTESANAL GRANDE,1.-PAN,1.-PAN,,,,1,1,0,4.5,0,0,0,0,4.5,4.5,4.5,0,0,0,281,1,281,0,Activo,MXN.-MONEDA NACIONAL,,,,50181900,H87,16,2
10,10.-SOBRE PEDIDO,282,282,282,1,TELERA SUAVE CHICA,1.-PAN,1.-PAN,,,,1,1,0,3,0,0,0,0,3,3,3,0,0,0,282,1,282,0,Activo,MXN.-MONEDA NACIONAL,,,,50181900,H87,16,2
10,10.-SOBRE PEDIDO,283,283,283,1,TELERA SUAVE GRANDE,1.-PAN,1.-PAN,,,,1,1,0,4.5,0,0,0,0,4.5,4.5,4.5,0,0,0,283,1,283,0,Activo,MXN.-MONEDA NACIONAL,,,,50181900,H87,16,2
10,10.-SOBRE PEDIDO,284,284,284,1,TELERA SUAVE CON AJONJOLI CHICA,1.-PAN,1.-PAN,,,,1,1,0,4,0,0,0,0,4,4,4,0,0,0,284,1,284,0,Activo,MXN.-MONEDA NACIONAL,,,,50181900,H87,16,2
10,10.-SOBRE PEDIDO,285,285,285,1,TELERA SUAVE CON AJONJOLI EXTRAGRANDE,1.-PAN,1.-PAN,,,,1,1,0,9,0,0,0,0,9,9,9,0,0,0,285,1,285,0,Activo,MXN.-MONEDA NACIONAL,,,,50181900,H87,16,2
10,10.-SOBRE PEDIDO,286,286,286,1,TELERA SUAVE CON AJONJOLI GRANDE,1.-PAN,1.-PAN,,,,1,1,0,7,0,0,0,0,7,7,7,0,0,0,286,1,286,0,Activo,MXN.-MONEDA NACIONAL,,,,50181900,H87,16,2
10,10.-SOBRE PEDIDO,287,287,287,1,TELERA SUAVE CON AJONJOLI MEDIANA,1.-PAN,1.-PAN,,,,1,1,0,5,0,0,0,0,5,5,5,0,0,0,287,1,287,0,Activo,MXN.-MONEDA NACIONAL,,,,50181900,H87,16,2
11,11.-ESPORADICOS,298,298,298,1,ALMOHADA,1.-PAN,1.-PAN,,,,1,1,0,7,0,0,0,0,7,7,7,0,0,0,298,1,298,0,Activo,MXN.-MONEDA NACIONAL,,,,50181900,H87,16,2
11,11.-ESPORADICOS,299,299,299,1,PUERQUITO,1.-PAN,1.-PAN,,,,1,1,0,8,0,0,0,0,8,8,8,0,0,0,299,1,299,0,Activo,MXN.-MONEDA NACIONAL,,,,50181900,H87,16,2
11,11.-ESPORADICOS,300,300,300,1,BOLINACHOS,1.-PAN,1.-PAN,,,,1,1,0,17,0,0,0,0,17,17,17,0,0,0,300,1,300,0,Activo,MXN.-MONEDA NACIONAL,,,,50181900,H87,16,2
11,11.-ESPORADICOS,301,301,301,1,BUÑUELOS,1.-PAN,1.-PAN,,,,1,1,0,8,0,0,0,0,8,8,8,0,0,0,301,1,301,0,Activo,MXN.-MONEDA NACIONAL,,,,50181900,H87,16,2
11,11.-ESPORADICOS,302,302,302,1,BURRITAS,1.-PAN,1.-PAN,,,,1,1,0,8,0,0,0,0,8,8,8,0,0,0,302,1,302,0,Activo,MXN.-MONEDA NACIONAL,,,,50181900,H87,16,2
11,11.-ESPORADICOS,303,303,303,1,CALABAZA CON CREMA PASTELERA,1.-PAN,1.-PAN,,,,1,1,0,12,0,0,0,0,12,12,12,0,0,0,303,1,303,0,Activo,MXN.-MONEDA NACIONAL,,,,50181900,H87,16,2
11,11.-ESPORADICOS,304,304,304,1,COCKTEL DE CHOCOLATE,1.-PAN,1.-PAN,,,,1,1,0,8,0,0,0,0,8,8,8,0,0,0,304,1,304,0,Activo,MXN.-MONEDA NACIONAL,,,,50181900,H87,16,2
11,11.-ESPORADICOS,305,305,305,1,DONA DECORADA,1.-PAN,1.-PAN,,,,1,1,0,13,0,0,0,0,13,13,13,0,0,0,305,1,305,0,Activo,MXN.-MONEDA NACIONAL,,,,50181900,H87,16,2
11,11.-ESPORADICOS,306,306,306,1,COLADERAS,1.-PAN,1.-PAN,,,,1,1,0,7,0,0,0,0,7,7,7,0,0,0,306,1,306,0,Activo,MXN.-MONEDA NACIONAL,,,,50181900,H87,16,2
11,11.-ESPORADICOS,307,307,307,1,DOMINO CON CHANTILLY Y RAYAS DE CHOCOLATE,1.-PAN,1.-PAN,,,,1,1,0,9,0,0,0,0,9,9,9,0,0,0,307,1,307,0,Activo,MXN.-MONEDA NACIONAL,,,,50181900,H87,16,2
11,11.-ESPORADICOS,308,308,308,1,DOMINO CON GRANILLO DE COLORES,1.-PAN,1.-PAN,,,,1,1,0,9,0,0,0,0,9,9,9,0,0,0,308,1,308,0,Activo,MXN.-MONEDA NACIONAL,,,,50181900,H87,16,2
11,11.-ESPORADICOS,309,309,309,1,DOMINO INTEGRAL,1.-PAN,1.-PAN,,,,1,1,0,10,0,0,0,0,10,10,10,0,0,0,309,1,309,0,Activo,MXN.-MONEDA NACIONAL,,,,50181900,H87,16,2
11,11.-ESPORADICOS,310,310,310,1,DOMINO SALPICADO DE CHOCOLATE,1.-PAN,1.-PAN,,,,1,1,0,9,0,0,0,0,9,9,9,0,0,0,310,1,310,0,Activo,MXN.-MONEDA NACIONAL,,,,50181900,H87,16,2
11,11.-ESPORADICOS,311,311,311,1,EMPANADA UNTADA CON RELLENO DE FRESA,1.-PAN,1.-PAN,,,,1,1,0,7,0,0,0,0,7,7,7,0,0,0,311,1,311,0,Activo,MXN.-MONEDA NACIONAL,,,,50181900,H87,16,2
11,11.-ESPORADICOS,312,312,312,1,EMPAREDADO,1.-PAN,1.-PAN,,,,1,1,0,9,0,0,0,0,9,9,9,0,0,0,312,1,312,0,Activo,MXN.-MONEDA NACIONAL,,,,50181900,H87,16,2
11,11.-ESPORADICOS,313,313,313,1,ESCUADRAS,1.-PAN,1.-PAN,,,,1,1,0,9,0,0,0,0,9,9,9,0,0,0,313,1,313,0,Activo,MXN.-MONEDA NACIONAL,,,,50181900,H87,16,2
11,11.-ESPORADICOS,314,314,314,1,Garibaldi,1.-PAN,1.-PAN,,,,1,1,15,15,0,0,0,0,15,15,15,0,0,0,314,1,314,0,Activo,MXN.-MONEDA NACIONAL,,,,50181900,H87,16,2
11,11.-ESPORADICOS,315,315,315,1,HOJALDRA CHICA 1600 BASTON (50g),1.-PAN,1.-PAN,,,,1,1,0,7,0,0,0,0,7,7,7,0,0,0,315,1,315,0,Activo,MXN.-MONEDA NACIONAL,,,,50181900,H87,16,2
11,11.-ESPORADICOS,316,316,316,1,MINIPOLVORON CHOCOLATE,1.-PAN,1.-PAN,,,,1,1,0,5,0,0,0,0,5,5,5,0,0,0,316,1,316,0,Activo,MXN.-MONEDA NACIONAL,,,,50181900,H87,16,2
11,11.-ESPORADICOS,317,317,317,1,MINIPOLVORON SEVILLANO DE NUEZ,1.-PAN,1.-PAN,,,,1,1,0,5,0,0,0,0,5,5,5,0,0,0,317,1,317,0,Activo,MXN.-MONEDA NACIONAL,,,,50181900,H87,16,2
11,11.-ESPORADICOS,318,318,318,1,MUELA,1.-PAN,1.-PAN,,,,1,1,0,9,0,0,0,0,9,9,9,0,0,0,318,1,318,0,Activo,MXN.-MONEDA NACIONAL,,,,50181900,H87,16,2
11,11.-ESPORADICOS,319,319,319,1,NIDO CON AZUCAR Y MERMELADA DE FRESA AL CENTRO,1.-PAN,1.-PAN,,,,1,1,0,7,0,0,0,0,7,7,7,0,0,0,319,1,319,0,Activo,MXN.-MONEDA NACIONAL,,,,50181900,H87,16,2
11,11.-ESPORADICOS,320,320,320,1,NIDO CON PASTA DE CONCHA Y MERMELADA DE FRESA AL CENTRO,1.-PAN,1.-PAN,,,,1,1,0,8,0,0,0,0,8,8,8,0,0,0,320,1,320,0,Activo,MXN.-MONEDA NACIONAL,,,,50181900,H87,16,2
11,11.-ESPORADICOS,321,321,321,1,NIÑO ENVUELTO,1.-PAN,1.-PAN,,,,1,1,0,25,0,0,0,0,25,25,25,0,0,0,321,1,321,0,Activo,MXN.-MONEDA NACIONAL,,,,50181900,H87,16,2
11,11.-ESPORADICOS,322,322,322,1,NUEVES CON COCO Y CANELA,1.-PAN,1.-PAN,,,,1,1,0,10,0,0,0,0,10,10,10,0,0,0,322,1,322,0,Activo,MXN.-MONEDA NACIONAL,,,,50181900,H87,16,2
11,11.-ESPORADICOS,323,323,323,1,PASTELILLO DE CHOCOLATE,1.-PAN,1.-PAN,,,,1,1,0,12,0,0,0,0,12,12,12,0,0,0,323,1,323,0,Activo,MXN.-MONEDA NACIONAL,,,,50181900,H87,16,2
11,11.-ESPORADICOS,324,324,324,1,PASTELILLO DE VAINILLA,1.-PAN,1.-PAN,,,,1,1,0,12,0,0,0,0,12,12,12,0,0,0,324,1,324,0,Activo,MXN.-MONEDA NACIONAL,,,,50181900,H87,16,2
11,11.-ESPORADICOS,325,325,325,1,PASTISETAS,1.-PAN,1.-PAN,,,,1,1,0,4,0,0,0,0,4,4,4,0,0,0,325,1,325,0,Activo,MXN.-MONEDA NACIONAL,,,,50181900,H87,16,2
11,11.-ESPORADICOS,326,326,326,1,PAY DE LIMON GLASEADO,1.-PAN,1.-PAN,,,,1,1,0,23,0,0,0,0,23,23,23,0,0,0,326,1,326,0,Activo,MXN.-MONEDA NACIONAL,,,,50181900,H87,16,2
11,11.-ESPORADICOS,327,327,327,1,PAY DE QUESO EN CUADRITO,1.-PAN,1.-PAN,,,,1,1,0,17,0,0,0,0,17,17,17,0,0,0,327,1,327,0,Activo,MXN.-MONEDA NACIONAL,,,,50181900,H87,16,2
11,11.-ESPORADICOS,328,328,328,1,SANDIAS,1.-PAN,1.-PAN,,,,1,1,0,9,0,0,0,0,9,9,9,0,0,0,328,1,328,0,Activo,MXN.-MONEDA NACIONAL,,,,50181900,H87,16,2
11,11.-ESPORADICOS,329,329,329,1,TARTA DE NUEZ,1.-PAN,1.-PAN,,,,1,1,0,30,0,0,0,0,30,30,30,0,0,0,329,1,329,0,Activo,MXN.-MONEDA NACIONAL,,,,50181900,H87,16,2
11,11.-ESPORADICOS,330,330,330,1,TARTA DE QUESO FRESA CAJETA,1.-PAN,1.-PAN,,,,1,1,0,30,0,0,0,0,30,30,30,0,0,0,330,1,330,0,Activo,MXN.-MONEDA NACIONAL,,,,50181900,H87,16,2
12,12.-CAFES Y CHOCOLATES,341,341,341,1,SOBRE TE DE LIMON MC CORMICK,1.-PAN,1.-PAN,,,,1,1,0,3,0,0,0,0,3,3,3,0,0,0,341,1,341,0,Activo,MXN.-MONEDA NACIONAL,,,,50181900,H87,16,2
12,12.-CAFES Y CHOCOLATES,342,342,342,1,SOBRE TE DE MANZANILLA MC CORMICK,1.-PAN,1.-PAN,,,,1,1,0,3,0,0,0,0,3,3,3,0,0,0,342,1,342,0,Activo,MXN.-MONEDA NACIONAL,,,,50181900,H87,16,2
12,12.-CAFES Y CHOCOLATES,343,343,343,1,SOBRE TE VERDE MC CORMICK,1.-PAN,1.-PAN,,,,1,1,0,3,0,0,0,0,3,3,3,0,0,0,343,1,343,0,Activo,MXN.-MONEDA NACIONAL,,,,50181900,H87,16,2
12,12.-CAFES Y CHOCOLATES,344,344,344,1,SOBRE NESCAFE CLASICO 14G,1.-PAN,1.-PAN,,,,1,1,0,16,0,0,0,0,16,16,16,0,0,0,344,1,344,0,Activo,MXN.-MONEDA NACIONAL,,,,50181900,H87,16,2
12,12.-CAFES Y CHOCOLATES,345,345,345,1,SOBRE CHOCOMILK 18G,1.-PAN,1.-PAN,,,,1,1,0,8,0,0,0,0,8,8,8,0,0,0,345,1,345,0,Activo,MXN.-MONEDA NACIONAL,,,,50181900,H87,16,2
12,12.-CAFES Y CHOCOLATES,346,346,346,1,SOBRE NESCAFE CLASICO 28G,1.-PAN,1.-PAN,,,,1,1,0,28,0,0,0,0,28,28,28,0,0,0,346,1,346,0,Activo,MXN.-MONEDA NACIONAL,,,,50181900,H87,16,2
12,12.-CAFES Y CHOCOLATES,347,347,347,1,SOBRE CAFE LEGAL DE GRANO 28G,1.-PAN,1.-PAN,,,,1,1,0,10,0,0,0,0,10,10,10,0,0,0,347,1,347,0,Activo,MXN.-MONEDA NACIONAL,,,,50181900,H87,16,2
12,12.-CAFES Y CHOCOLATES,348,348,348,1,SOBRE COFFEE MATE 34G,1.-PAN,1.-PAN,,,,1,1,0,10,0,0,0,0,10,10,10,0,0,0,348,1,348,0,Activo,MXN.-MONEDA NACIONAL,,,,50181900,H87,16,2
12,12.-CAFES Y CHOCOLATES,349,349,349,1,FRASCO NESCAFE CLASICO 60G,1.-PAN,1.-PAN,,,,1,1,0,70,0,0,0,0,70,70,70,0,0,0,349,1,349,0,Activo,MXN.-MONEDA NACIONAL,,,,50181900,H87,16,2
12,12.-CAFES Y CHOCOLATES,350,350,350,1,FRASCO CAFE ORO 50G,1.-PAN,1.-PAN,,,,1,1,0,36,0,0,0,0,36,36,36,0,0,0,350,1,350,0,Activo,MXN.-MONEDA NACIONAL,,,,50181900,H87,16,2
12,12.-CAFES Y CHOCOLATES,351,351,351,1,BOTE COFFEE MATE 160G,1.-PAN,1.-PAN,,,,1,1,0,39,0,0,0,0,39,39,39,0,0,0,351,1,351,0,Activo,MXN.-MONEDA NACIONAL,,,,50181900,H87,16,2
12,12.-CAFES Y CHOCOLATES,352,352,352,1,SOBRE CHOCOLATE MORELIA PRESIDENCIAL 155G,1.-PAN,1.-PAN,,,,1,1,0,21,0,0,0,0,21,21,21,0,0,0,352,1,352,0,Activo,MXN.-MONEDA NACIONAL,,,,50181900,H87,16,2
12,12.-CAFES Y CHOCOLATES,353,353,353,1,SOBRE CHOCOMILK 160G,1.-PAN,1.-PAN,,,,1,1,0,27,0,0,0,0,27,27,27,0,0,0,353,1,353,0,Activo,MXN.-MONEDA NACIONAL,,,,50181900,H87,16,2
12,12.-CAFES Y CHOCOLATES,354,354,354,1,SOBRE CAL C TOSE 160G,1.-PAN,1.-PAN,,,,1,1,0,30,0,0,0,0,30,30,30,0,0,0,354,1,354,0,Activo,MXN.-MONEDA NACIONAL,,,,50181900,H87,16,2
12,12.-CAFES Y CHOCOLATES,355,355,355,1,TABLETA CHOCOLATE ABUELITA 90G,1.-PAN,1.-PAN,,,,1,1,0,18,0,0,0,0,18,18,18,0,0,0,355,1,355,0,Activo,MXN.-MONEDA NACIONAL,,,,50181900,H87,16,2
12,12.-CAFES Y CHOCOLATES,356,356,356,1,LATA CAL C TOSE 400G,1.-PAN,1.-PAN,,,,1,1,0,69,0,0,0,0,69,69,69,0,0,0,356,1,356,0,Activo,MXN.-MONEDA NACIONAL,,,,50181900,H87,16,2
12,12.-CAFES Y CHOCOLATES,357,357,357,1,LATA CHOCOMILK 400G,1.-PAN,1.-PAN,,,,1,1,0,69,0,0,0,0,69,69,69,0,0,0,357,1,357,0,Activo,MXN.-MONEDA NACIONAL,,,,50181900,H87,16,2
12,12.-CAFES Y CHOCOLATES,358,358,358,1,AZUCAR A GRANEL 500G,1.-PAN,1.-PAN,,,,1,1,0,15,0,0,0,0,15,15,15,0,0,0,358,1,358,0,Activo,MXN.-MONEDA NACIONAL,,,,50181900,H87,16,2
13,13.-SOUVENIRS,369,369,369,1,LLAVERO CHICO,1.-PAN,1.-PAN,,,,1,1,0,100,0,0,0,0,100,100,100,0,0,0,369,1,369,0,Activo,MXN.-MONEDA NACIONAL,,,,46171515,H87,16,2
13,13.-SOUVENIRS,370,370,370,1,LLAVERO MEDIANO,1.-PAN,1.-PAN,,,,1,1,0,120,0,0,0,0,120,120,120,0,0,0,370,1,370,0,Activo,MXN.-MONEDA NACIONAL,,,,46171515,H87,16,2
13,13.-SOUVENIRS,371,371,371,1,LLAVERO GRANDE,1.-PAN,1.-PAN,,,,1,1,0,140,0,0,0,0,140,140,140,0,0,0,371,1,371,0,Activo,MXN.-MONEDA NACIONAL,,,,46171515,H87,16,2
14,14.-HELADOS,382,382,382,1,HELADO SENCILLO (1 BOLA),1.-PAN,1.-PAN,,,,1,1,0,18,0,0,0,0,18,18,18,0,0,0,382,1,382,0,Activo,MXN.-MONEDA NACIONAL,,,,50192303,H87,16,2
14,14.-HELADOS,383,383,383,1,COBERTURA DE CHOCOLATE PARA HELADO SENCILLO,1.-PAN,1.-PAN,,,,1,1,0,5,0,0,0,0,5,5,5,0,0,0,383,1,383,0,Activo,MXN.-MONEDA NACIONAL,,,,50192303,H87,16,2
14,14.-HELADOS,384,384,384,1,COBERTURA DE CHOCOLATE CON CONFITERIA PARA HELADO SENCILLO,1.-PAN,1.-PAN,,,,1,1,0,9,0,0,0,0,9,9,9,0,0,0,384,1,384,0,Activo,MXN.-MONEDA NACIONAL,,,,50192303,H87,16,2
14,14.-HELADOS,385,385,385,1,COBERTURA DE CHOCOLATE CON NUEZ PARA HELADO SENCILLO,1.-PAN,1.-PAN,,,,1,1,0,11,0,0,0,0,11,11,11,0,0,0,385,1,385,0,Activo,MXN.-MONEDA NACIONAL,,,,50192303,H87,16,2
14,14.-HELADOS,386,386,386,1,HELADO DOBLE (2 BOLAS),1.-PAN,1.-PAN,,,,1,1,0,34,0,0,0,0,34,34,34,0,0,0,386,1,386,0,Activo,MXN.-MONEDA NACIONAL,,,,50192303,H87,16,2
14,14.-HELADOS,387,387,387,1,COBERTURA DE CHOCOLATE PARA HELADO DOBLE,1.-PAN,1.-PAN,,,,1,1,0,7,0,0,0,0,7,7,7,0,0,0,387,1,387,0,Activo,MXN.-MONEDA NACIONAL,,,,50192303,H87,16,2
14,14.-HELADOS,388,388,388,1,COBERTURA DE CHOCOLATE CON CONFITERIA PARA HELADO DOBLE,1.-PAN,1.-PAN,,,,1,1,0,11,0,0,0,0,11,11,11,0,0,0,388,1,388,0,Activo,MXN.-MONEDA NACIONAL,,,,50192303,H87,16,2
14,14.-HELADOS,389,389,389,1,COBERTURA DE CHOCOLATE CON NUEZ PARA HELADO DOBLE,1.-PAN,1.-PAN,,,,1,1,0,15,0,0,0,0,15,15,15,0,0,0,389,1,389,0,Activo,MXN.-MONEDA NACIONAL,,,,50192303,H87,16,2
14,14.-HELADOS,390,390,390,1,HELADO TRIPLE (3 BOLAS),1.-PAN,1.-PAN,,,,1,1,0,50,0,0,0,0,50,50,50,0,0,0,390,1,390,0,Activo,MXN.-MONEDA NACIONAL,,,,50192303,H87,16,2
14,14.-HELADOS,391,391,391,1,COBERTURA DE CHOCOLATE PARA HELADO TRIPLE,1.-PAN,1.-PAN,,,,1,1,0,9,0,0,0,0,9,9,9,0,0,0,391,1,391,0,Activo,MXN.-MONEDA NACIONAL,,,,50192303,H87,16,2
14,14.-HELADOS,392,392,392,1,COBERTURA DE CHOCOLATE CON CONFITERIA PARA HELADO TRIPLE,1.-PAN,1.-PAN,,,,1,1,0,13,0,0,0,0,13,13,13,0,0,0,392,1,392,0,Activo,MXN.-MONEDA NACIONAL,,,,50192303,H87,16,2
14,14.-HELADOS,393,393,393,1,COBERTURA DE CHOCOLATE CON NUEZ PARA HELADO TRIPLE,1.-PAN,1.-PAN,,,,1,1,0,17,0,0,0,0,17,17,17,0,0,0,393,1,393,0,Activo,MXN.-MONEDA NACIONAL,,,,50192303,H87,16,2
14,14.-HELADOS,394,394,394,1,COPA,1.-PAN,1.-PAN,,,,1,1,0,55,0,0,0,0,55,55,55,0,0,0,394,1,394,0,Activo,MXN.-MONEDA NACIONAL,,,,50192303,H87,16,2
14,14.-HELADOS,395,395,395,1,CANASTA SENCILLA (I BOLA),1.-PAN,1.-PAN,,,,1,1,0,30,0,0,0,0,30,30,30,0,0,0,395,1,395,0,Activo,MXN.-MONEDA NACIONAL,,,,50192303,H87,16,2
14,14.-HELADOS,396,396,396,1,CANASTA DOBLE (2 BOLAS),1.-PAN,1.-PAN,,,,1,1,0,50,0,0,0,0,50,50,50,0,0,0,396,1,396,0,Activo,MXN.-MONEDA NACIONAL,,,,50192303,H87,16,2
14,14.-HELADOS,397,397,397,1,CANASTA TRIPLE (3 BOLAS),1.-PAN,1.-PAN,,,,1,1,0,65,0,0,0,0,65,65,65,0,0,0,397,1,397,0,Activo,MXN.-MONEDA NACIONAL,,,,50192303,H87,16,2
14,14.-HELADOS,398,398,398,1,FRUHESPE (2 BOLAS),1.-PAN,1.-PAN,,,,1,1,0,55,0,0,0,0,55,55,55,0,0,0,398,1,398,0,Activo,MXN.-MONEDA NACIONAL,,,,50192303,H87,16,2
14,14.-HELADOS,399,399,399,1,HELADO MEDIO LITRO,1.-PAN,1.-PAN,,,,1,1,0,85,0,0,0,0,85,88,85,0,0,0,399,1,399,0,Activo,MXN.-MONEDA NACIONAL,,,,50192303,H87,16,2
14,14.-HELADOS,400,400,400,1,HELADO UN LITRO,1.-PAN,1.-PAN,,,,1,1,0,170,0,0,0,0,170,170,170,0,0,0,400,1,400,0,Activo,MXN.-MONEDA NACIONAL,,,,50192303,H87,16,2
14,14.-HELADOS,401,401,401,1,CONO,1.-PAN,1.-PAN,,,,1,1,0,3,0,0,0,0,3,3,3,0,0,0,401,1,401,0,Activo,MXN.-MONEDA NACIONAL,,,,50192303,H87,16,2
14,14.-HELADOS,402,402,402,1,GALLETA CANASTA,1.-PAN,1.-PAN,,,,1,1,0,5,0,0,0,0,5,5,5,0,0,0,402,1,402,0,Activo,MXN.-MONEDA NACIONAL,,,,50192303,H87,16,2
14,14.-HELADOS,403,403,403,1,GALLETA ROLLO,1.-PAN,1.-PAN,,,,1,1,0,5,0,0,0,0,5,5,5,0,0,0,403,1,403,0,Activo,MXN.-MONEDA NACIONAL,,,,50192303,H87,16,2
14,14.-HELADOS,404,404,404,1,CUCHARADA EXTRA DE COBERTURA,1.-PAN,1.-PAN,,,,1,1,0,4,0,0,0,0,4,4,4,0,0,0,404,1,404,0,Activo,MXN.-MONEDA NACIONAL,,,,50192303,H87,16,2
14,14.-HELADOS,405,405,405,1,BOLA EXTRA DE HELADO,1.-PAN,1.-PAN,,,,1,1,0,16,0,0,0,0,16,16,16,0,0,0,405,1,405,0,Activo,MXN.-MONEDA NACIONAL,,,,50192303,H87,16,2
14,14.-HELADOS,406,406,406,1,FRESAS CON CREMA,1.-PAN,1.-PAN,,,,1,1,0,40,0,0,0,0,40,40,40,0,0,0,406,1,406,0,Activo,MXN.-MONEDA NACIONAL,,,,50192303,H87,16,2
15,15.-PALETAS,417,417,417,1,PALETA MEDIANA,1.-PAN,1.-PAN,,,,1,1,0,13,0,0,0,0,13,13,13,0,0,0,417,1,417,0,Activo,MXN.-MONEDA NACIONAL,,,,50192303,H87,16,2
15,15.-PALETAS,418,418,418,1,COBERTURA DE CHOCOLATE PARA PALETA MEDIANA,1.-PAN,1.-PAN,,,,1,1,0,5,0,0,0,0,5,5,5,0,0,0,418,1,418,0,Activo,MXN.-MONEDA NACIONAL,,,,50192303,H87,16,2
15,15.-PALETAS,419,419,419,1,COBERTURA DE CHOCOLATE CON CONFITERIA PARA PALETA MEDIANA,1.-PAN,1.-PAN,,,,1,1,0,9,0,0,0,0,9,9,9,0,0,0,419,1,419,0,Activo,MXN.-MONEDA NACIONAL,,,,50192303,H87,16,2
15,15.-PALETAS,420,420,420,1,COBERTURA DE CHOCOLATE CON NUEZ PARA PALETA MEDIANA,1.-PAN,1.-PAN,,,,1,1,0,11,0,0,0,0,11,11,11,0,0,0,420,1,420,0,Activo,MXN.-MONEDA NACIONAL,,,,50192303,H87,16,2
15,15.-PALETAS,421,421,421,1,PALETA GRANDE,1.-PAN,1.-PAN,,,,1,1,0,24,0,0,0,0,24,24,24,0,0,0,421,1,421,0,Activo,MXN.-MONEDA NACIONAL,,,,50192303,H87,16,2
15,15.-PALETAS,422,422,422,1,COBERTURA DE CHOCOLATE PARA PALETA GRANDE,1.-PAN,1.-PAN,,,,1,1,0,6,0,0,0,0,6,6,6,0,0,0,422,1,422,0,Activo,MXN.-MONEDA NACIONAL,,,,50192303,H87,16,2
15,15.-PALETAS,423,423,423,1,COBERTURA DE CHOCOLATE CON CONFITERIA PARA PALETA GRANDE,1.-PAN,1.-PAN,,,,1,1,0,11,0,0,0,0,11,11,11,0,0,0,423,1,423,0,Activo,MXN.-MONEDA NACIONAL,,,,50192303,H87,16,2
15,15.-PALETAS,424,424,424,1,COBERTURA DE CHOCOLATE CON NUEZ PARA PALETA GRANDE,1.-PAN,1.-PAN,,,,1,1,0,15,0,0,0,0,15,15,15,0,0,0,424,1,424,0,Activo,MXN.-MONEDA NACIONAL,,,,50192303,H87,16,2
15,15.-PALETAS,425,425,425,1,PALETA DE CREMA,1.-PAN,1.-PAN,,,,1,1,0,30,0,0,0,0,30,30,30,0,0,0,425,1,425,0,Activo,MXN.-MONEDA NACIONAL,,,,50192303,H87,16,2
15,15.-PALETAS,426,426,,2,PALETA DE KIWI,2.-HELADOS,2.-HELADOS,,,,1,1,0,30,0,0,0,0,30,30,30,0,0,0,426,1,426,8,Descontinuado,MXN.-MONEDA NACIONAL,,,,50192303,H87,16,2
16,16.-AGUAS Y MALTEADAS,436,436,436,1,AGUA DE MEDIO LITRO,1.-PAN,1.-PAN,,,,1,1,0,16,0,0,0,0,16,16,16,0,0,0,436,1,436,0,Activo,MXN.-MONEDA NACIONAL,,,,50202311,H87,16,2
16,16.-AGUAS Y MALTEADAS,437,437,437,1,AGUA DE UN LITRO,1.-PAN,1.-PAN,,,,1,1,0,30,0,0,0,0,30,30,30,0,0,0,437,1,437,0,Activo,MXN.-MONEDA NACIONAL,,,,50202311,H87,16,2
16,16.-AGUAS Y MALTEADAS,438,438,438,1,MALTEADA,1.-PAN,1.-PAN,,,,1,1,0,65,0,0,0,0,65,65,65,0,0,0,438,1,438,0,Activo,MXN.-MONEDA NACIONAL,,,,50202311,H87,16,2
,,,,,,,,,,,,,,,,,,,,,,,,,,,,,,,,,,,,,,
rrAdministrador,20260302 - 08:48,,,,,,,,,,,,,,,,,,,,,,,,,,,,,,,,,,,,,
